D261,Vanessa,Rippburger,(454)-040-7568,2l2Q6P7wM8@yahoo.com,DS55
D349,Valeria,Hagger,(845)-534-8790,DsjrT@icloud.com,DS466
D480,Ariadne,Heathorn,(456)-010-4888,gcaA14Xx8FOSiyjV@yahoo.com,DS432
D486,Arleen,Lourae,(530)-332-3331,Wm701xXea@aol.com,DS16
D351,Lynnet,Wicklands,(030)-237-5140,vN3QK@rit.edu,DS113
D390,Em,Croylands,(393)-275-1227,6zS39LwAVz3V@gmail.com,DS308
D11,Fayre,Fallway,(022)-940-1736,tmRZWG5yPlSJbX@gmail.com,DS57
D376,Gertrudis,Hilbar,(986)-937-2370,L1gPNwWi@yahoo.com,DS27
D131,Marcelle,Blackall,(650)-431-6660,neOmp85lftTp@rit.edu,DS296
D106,Carlina,Barrley,(403)-420-9048,sqkXiwYPvK@aol.com,DS177
D249,Lonee,Masten,(342)-717-5066,wsqzkTEMDm2zOD2@rit.edu,DS194
D487,Chere,Childerley,(570)-908-1937,SzPUa@rit.edu,DS304
D496,Patricia,Hewetson,(506)-024-5886,1SYP6@yahoo.com,DS210
D113,Isahella,Carolynn,(786)-199-2443,vBzDWBGxnPh2EwFu@yahoo.com,DS41
D150,Yolanthe,Rittenhouse,(799)-994-4302,2xMo5V@rit.edu,DS294
D393,Corella,Burshire,(612)-276-3059,R4jcXv3ngCyxtI@yahoo.com,DS55
D103,Cherie,Jollyman,(016)-398-7773,w19fC@icloud.com,DS466
D301,Robbyn,Creston,(511)-716-5735,8ZMTRu@gmail.com,DS432
D100,Elisabeth,Feltes,(761)-390-6290,mdQlnBw@gmail.com,DS16
D217,Joellyn,Dolesden,(232)-201-6923,Yzwyx@aol.com,DS113
D296,Eleen,Petes,(848)-896-9416,IUiE7@icloud.com,DS308
D262,Maggy,Camaritas,(250)-945-0647,i2C2XseWTms@gmail.com,DS57
D108,Joane,Burard,(476)-628-2089,PKfruzdmoia3A@gmail.com,DS27
D2,Farah,Loyalton,(689)-448-9520,E8mbxsFVkO3tpK@rit.edu,DS296
D339,Lizbeth,Cozine,(387)-085-8003,5BxB3lm13ciDI8@gmail.com,DS177
D25,Ceciley,Vinewood,(323)-530-3128,egNHZNtA6cnJcr8I@rit.edu,DS194
D85,Tomasina,Georgeham,(653)-663-9255,s4fp4C@aol.com,DS304
D322,Andee,Leys,(456)-503-7466,B7HK@yahoo.com,DS210
D230,Gloriana,Judi,(120)-365-5269,3t6fItmUN@yahoo.com,DS41
D365,Joyce,Burgandy,(721)-788-4544,AN51rhNIlJaU5V@gmail.com,DS294
D219,Jania,Cowbarn,(567)-313-6163,Nypv@rit.edu,DS55
D468,Olimpia,Tennent,(546)-615-0465,hfYtQIaQHxIv4qW@gmail.com,DS466
D89,Zaneta,Balham,(738)-570-7943,kLCPcVpI@yahoo.com,DS432
D140,Kathleen,Schallenberger,(474)-650-4398,Z0lMTBll52OUm@aol.com,DS16
D121,Augustina,Tolenas,(136)-756-8743,rOMgfdGkrfPR1Rw5@rit.edu,DS113
D163,Jacquenetta,Pau,(448)-506-1571,AuHGx7sej0I0@aol.com,DS308
D60,Maren,Greenbrook,(326)-490-0743,vFVfa3IKceJwRZV@aol.com,DS57
D304,Bibby,Hoagland,(389)-435-6356,3UocvRowpLw8Inn2@icloud.com,DS27
D354,Danika,Kuntz,(292)-675-2616,JKOxgqj@icloud.com,DS296
D128,Aile,Fredbert,(813)-239-4657,QxlbdVM@icloud.com,DS177
D88,Roselle,Maryfield,(864)-919-7868,169LR@aol.com,DS194
D221,Danna,Oakengrove,(728)-091-5209,igZRh8x1J0wBi7Q@rit.edu,DS304
D300,Ginny,Cammarlie,(292)-679-2178,TiiS7TMJ@gmail.com,DS210
D237,Kayle,Golfview,(188)-334-6567,sKTG9@aol.com,DS41
D82,Bellina,Delmas,(813)-116-7785,qY1G8T3QGESZu@yahoo.com,DS294
D197,Celestia,Knottocks,(031)-678-2505,MiGnTS@aol.com,DS55
D49,Cass,Orson,(318)-258-2141,2SReo78bGifmV@yahoo.com,DS466
D272,Rene,Tootal,(213)-915-9782,At0PQRKGzH6K@icloud.com,DS432
D114,Demetria,Alcova,(490)-979-9294,8wA1s9z2I3@icloud.com,DS16
D254,Ninetta,Shooters,(396)-224-0442,W1aj@icloud.com,DS113
D412,Dayle,Stoddard,(658)-074-7142,PlhYJoLu4w@yahoo.com,DS308
D281,Florella,Northbourne,(204)-261-3422,0v3zh@rit.edu,DS57
D185,Maryellen,Woorail,(353)-835-7427,2xlX0UugWMT3pg9@aol.com,DS27
D280,Kassie,Nappsbury,(790)-609-6059,KiOCXH7BDhNW2x@yahoo.com,DS296
D418,Kassi,Bohen,(205)-818-1884,9LJE@rit.edu,DS177
D430,Natalina,Eadington,(163)-717-0639,JQbVB1tg0VgkBrv9@aol.com,DS194
D233,Erna,Tremont,(991)-268-9975,qZrH34Dl@rit.edu,DS304
D71,Dulcine,Mudies,(915)-097-0445,eg6IoAplXDrEL@rit.edu,DS210
D438,Eva,Brookdene,(510)-991-2604,Loj9nc7sbldsC64g@yahoo.com,DS41
D251,Hermione,Braund,(504)-395-8613,aTpsB@yahoo.com,DS294
D405,Martguerita,Houseley,(736)-664-4666,8b7jbY9DdeiLks6E@icloud.com,DS55
D175,Amber,Pumphrey,(752)-701-9438,6rBzfRNZw6LPBF@rit.edu,DS466
D311,Adi,Wakering,(076)-662-8759,mVfPfsKOj@icloud.com,DS432
D469,Blisse,Plante,(757)-125-5988,UXhB5f30mn@aol.com,DS16
D361,Adrianna,Pirie,(759)-628-8804,L2ql753Wv7UuHED6@icloud.com,DS113
D424,Cecil,Tedder,(120)-357-5168,IcxRVB6f@icloud.com,DS308
D404,Tootsie,Kling,(531)-773-5371,9z5tmCL6Skab@aol.com,DS57
D50,Maxine,Willowridge,(643)-671-4367,y67DTEMjo@yahoo.com,DS27
D385,Madeleine,Marshdale,(713)-440-0831,nK4enB3vRmDH@aol.com,DS296
D463,Angelita,Lippard,(900)-569-9533,YYmk1elK@icloud.com,DS177
D360,Mariel,Bissett,(392)-040-0447,OB32A@rit.edu,DS194
D39,Peta,Cobbett,(881)-672-3286,OUoqCcUG3@rit.edu,DS304
D368,Elga,Galleydean,(413)-213-7542,VJP2cQgyWzoy2N@aol.com,DS210
D268,Gwennie,Arleda,(400)-417-8755,BUzQ7XC@yahoo.com,DS41
D341,Belita,Lovatt,(890)-349-1711,hOzi@aol.com,DS294
D162,Edy,Demmings,(680)-351-0359,jJ0Ik4I6@rit.edu,DS55
D386,Kary,Dowsing,(584)-791-8280,bDqa5Dtf5InC@yahoo.com,DS466
D216,Onida,Maggio,(928)-297-6721,VwYXmGuVQZ@gmail.com,DS432
D494,Millicent,Damphurst,(880)-157-5859,2R9rN@yahoo.com,DS16
D319,Laureen,Leachs,(634)-380-0551,mW2gfk5P5roy2T@gmail.com,DS113
D323,Goldie,Southview,(806)-135-7295,Q6UB8G3rryQGQO8N@icloud.com,DS308
D308,Catina,Bardon,(370)-874-3188,J8lAwN7H@gmail.com,DS57
D275,Therese,Phar,(250)-919-1056,YANP0jJk8@yahoo.com,DS27
D117,Katherina,Pharmer,(862)-737-9255,kVvZ6Pxx5nx5@icloud.com,DS296
D399,Carol-Jean,Brons,(946)-918-2897,XdEw7h5Flrm4yC@yahoo.com,DS177
D72,Caria,Dolley,(381)-330-5225,Miy3Pgto38GqSJCq@yahoo.com,DS194
D347,Fran,Fyall,(514)-494-1413,53eRU8dp@yahoo.com,DS304
D394,Eleonora,Snarsgate,(948)-874-0536,4K0GsLYrY@aol.com,DS210
D247,Dorolisa,Vailetti,(396)-814-5666,TI9uA@yahoo.com,DS41
D190,Billie,Crivello,(241)-133-4331,KxAr9xRLMn@gmail.com,DS294
D457,Myrle,Cornehlsen,(063)-716-8094,NDiBvDYtTnD@rit.edu,DS55
D62,Klarika,Oerter,(254)-127-4644,KjmurvVkdTJPstsB@yahoo.com,DS466
D256,Alice,Willowtree,(900)-636-4260,3lMlS51QFEW2I@yahoo.com,DS432
D138,Kira,Cedarhollow,(796)-106-3594,XQpRHHl@rit.edu,DS16
D434,Marga,Stetcher,(799)-543-3850,UgbeyRX@rit.edu,DS113
D94,Maryl,Pastens,(422)-075-5874,ENavQ5@gmail.com,DS308
D356,Myrle,Yackley,(587)-898-5245,hK47gLOTpQW@rit.edu,DS57
D452,Fifi,Seckel,(001)-730-0806,M4Bs9@aol.com,DS27
D297,Wenda,Skinners,(907)-814-0989,7fnHEGu@rit.edu,DS296
D200,Blancha,Lakemba,(184)-706-5812,QV7P@icloud.com,DS177
D70,Irena,Cullum,(729)-730-5288,NfnFCzvyS7IkXGMg@rit.edu,DS194
D201,Tobi,Freisman,(375)-616-8551,ITmvFEpivqB@gmail.com,DS304
D391,Tiena,Foxstone,(947)-192-7882,vpKVb@rit.edu,DS210
D388,Coreen,Liss,(435)-116-2572,xRe3ShxiqPe7Z@gmail.com,DS41
D83,Yevette,Allonby,(098)-060-5743,mdgKtqJXIl0H0A2@gmail.com,DS294
D104,Jacqui,Rowlands,(638)-922-9225,CqdjOaTSyuqySq@rit.edu,DS55
D135,Joan,Graney,(604)-909-5883,6zzioh84nbkp@aol.com,DS466
D271,Fayth,Lisford,(544)-580-1682,08GzCy0ac@aol.com,DS432
D499,Denni,Sandifer,(526)-052-7109,wpEy@aol.com,DS16
D431,Benedetta,Northside,(665)-752-4739,1hBHnPt4xTMy2o@yahoo.com,DS113
D295,Benedikta,Woodend,(571)-299-8909,8Eft2KcqJU@rit.edu,DS308
D371,Nanete,Dottielyn,(919)-138-0655,nXtMmGxbX@icloud.com,DS57
D451,Dianna,Liman,(721)-324-7603,c5H5yMOLa@gmail.com,DS27
D30,Leonora,Sibert,(469)-963-7754,R2sfoYryJUbuk@gmail.com,DS296
D380,Magdalena,Hollowood,(214)-729-0895,qL9p3UrFvXViY@aol.com,DS177
D353,Murielle,Kewanee,(239)-048-2518,T6pLQu2Ub1R@icloud.com,DS194
D246,Nicky,Highbourne,(374)-342-8213,vZy80lS@yahoo.com,DS304
D8,Kissie,Georgeham,(185)-014-9914,xw3IZW7wuuUl@rit.edu,DS210
D195,Meredith,Excange,(569)-006-5399,XwaR49UCkLt@yahoo.com,DS41
D144,Marisa,Lacky,(318)-960-7267,GkcB6tvZm7@gmail.com,DS294
D211,Mathilda,Tideswell,(527)-784-2556,uJT75xdpO@aol.com,DS55
D241,Kenna,Spillers,(306)-980-0821,OJXi@yahoo.com,DS466
D344,Elenore,Laurian,(029)-162-8197,VZD6tq13UN@rit.edu,DS432
D309,Leanora,Gisburne,(095)-691-2862,6VVWvNWPB1@aol.com,DS16
D498,Celestia,Viewhill,(773)-856-0747,WKMWPW4XDV@yahoo.com,DS113
D146,Diandra,Carriger,(123)-034-5773,rAiTUBXZ5aKwwd@aol.com,DS308
D226,Bianka,Cuttys,(089)-586-6725,2UOl@aol.com,DS57
D32,Eloise,Floritta,(986)-609-8239,IhuZzbYtKY65dN@rit.edu,DS27
D352,Brynn,Maismore,(888)-469-5935,4tGH3kwxP6@rit.edu,DS296
D19,Fiorenze,Kit,(260)-053-0508,ceUyaqUULpkiowZv@icloud.com,DS177
D292,Orelie,Lambertson,(067)-418-4648,KTBJZtxmLw@yahoo.com,DS194
D35,Chandra,Hinchman,(493)-866-8616,XXwMsju1V85@icloud.com,DS304
D485,Devina,Thoby,(487)-785-2363,0K4T7iaoWf@icloud.com,DS210
D466,Starlene,Busdens,(206)-381-6134,sOz6b7o2RJh@yahoo.com,DS41
D284,Sela,Scarsdale,(091)-289-2112,mrP9TLfVt@aol.com,DS294
D16,Simone,Meherrin,(381)-773-5834,dnWsw@rit.edu,DS55
D462,Hyacinth,Dunlake,(850)-102-2816,6TMnsusnJfBegvpl@icloud.com,DS466
D307,Stacee,Stelling,(684)-741-7612,DNMm96IYJ@rit.edu,DS432
D110,Leonore,Buerton,(587)-003-1310,bWnWK9qcn9DR9cAy@icloud.com,DS16
D198,Inga,Rolt,(016)-886-2084,BaILpImUmcIoLT@icloud.com,DS113
D193,Bari,Pinecliff,(026)-476-7783,VNvYEBbcspnbk8@yahoo.com,DS308
D152,Elicia,Brinsop,(915)-190-1186,qJOEqKehGtmMX@gmail.com,DS57
D132,Fannie,Knightwoods,(020)-879-8986,hupsnbC1i7kx@icloud.com,DS27
D228,Hyacinthe,Leafgreen,(206)-541-8422,vqeNJWK7XM3GEe@yahoo.com,DS296
D181,Ruthanne,Fir,(732)-681-4354,2pXNjhxz4@rit.edu,DS177
D58,Dasha,Whins,(894)-961-5605,Tc6mXY3bv1uLnDi@gmail.com,DS194
D348,Fran,Cockrells,(706)-089-6888,IM6mMTEOhy6Z@rit.edu,DS304
D40,Cari,Powerville,(638)-934-1246,IdnYhM3OQzY@icloud.com,DS210
D435,Darcie,Elmswood,(791)-570-1417,wROugidvvtStQ@icloud.com,DS41
D282,Alanah,Hogenkamp,(533)-403-6008,Fo0leFW@icloud.com,DS294
D136,Therese,Cutcliffe,(701)-231-4717,bc9m1xu8qI@icloud.com,DS55
D207,Angelika,Chastworth,(012)-176-6383,7KZdYDUL@aol.com,DS466
D209,Laryssa,Althorp,(376)-187-8551,RU8Mwb@gmail.com,DS432
D440,Analise,Kobb,(858)-187-2814,V8lQv62n@gmail.com,DS16
D387,Simone,Rosherville,(091)-602-2930,Ojijys@aol.com,DS113
D93,George,Stanbury,(550)-264-8826,LiKzTQ6O0oA@aol.com,DS308
D250,Bridget,Marguerette,(182)-492-2852,fiftsnkZxXlo4aoX@aol.com,DS57
D189,Fifine,Freehill,(677)-382-2259,2KblPZiG27T2@aol.com,DS27
D336,Latrena,Lanrick,(557)-095-7488,IRBOtkbOYcTB@aol.com,DS296
D176,Lea,Taylorsport,(867)-948-9815,eVwfAp@yahoo.com,DS177
D3,Mellisent,Elderfo,(021)-152-9982,CXZv6jgy@aol.com,DS194
D473,Cherianne,Marnel,(337)-581-0239,lwD7KOnfz60sAS@gmail.com,DS304
D288,Jan,Thave,(007)-864-6870,elPDUIDKmyx@rit.edu,DS210
D483,Sunshine,Chiles,(956)-826-7987,IRtFU4HQvH5zcSv@rit.edu,DS41
D180,Mathilde,Huss,(099)-855-4895,Ap7ieFil3@aol.com,DS294
D439,Kellsie,Pyrland,(811)-502-0097,iLvgnNx@gmail.com,DS55
D454,Ingunna,Jahns,(332)-070-3670,lBIrFxONR@aol.com,DS466
D155,Judye,Leuna,(294)-256-5403,7TyUa5Z7zHjwvHH9@icloud.com,DS432
D151,Kathrine,Uppermill,(865)-726-6756,K395bH@gmail.com,DS16
D260,Phyllys,Greenridge,(579)-701-6732,iFtyTmyoBkUwpGU7@icloud.com,DS113
D474,Magdalene,Claverack,(689)-483-7812,wMcUjK6VdBszWsNN@gmail.com,DS308
D274,Vickie,Albezzia,(673)-193-5348,qMGZUcv@icloud.com,DS57
D43,Cristie,Eddisbury,(287)-519-9789,oHcxEiDqtYSJAo@icloud.com,DS27
D48,Karita,Binnett,(039)-067-5962,CnTo8Fs@icloud.com,DS296
D76,Charmaine,Tenzing,(722)-519-9543,BGivxQNWUCb5Kub@aol.com,DS177
D337,Kameko,Kennie,(005)-352-6189,54vBQ@gmail.com,DS194
D239,Ynes,Tulloh,(972)-943-9589,t52nrX5iO@yahoo.com,DS304
D343,Gerri,Corseley,(241)-391-7026,Ga6i5Nzoa@gmail.com,DS210
D441,Bertina,Maroubra,(412)-689-7281,6XKwhcBKQOVM2@rit.edu,DS41
D188,Tomasina,Linlee,(450)-079-7854,oTGiMUiqRIe9usI@gmail.com,DS294
D355,Lizzie,Overcliff,(743)-485-8713,SUPFXCrFMcP@aol.com,DS55
D335,Beitris,Woodreeve,(147)-866-5645,3B8uFsdlCnWOqaQ@icloud.com,DS466
D373,Devonna,Lapish,(623)-532-2715,9GnWfTcLJSi@gmail.com,DS432
D145,Daphna,Gaye,(767)-960-6407,IVQ8PoMJWOGpM@yahoo.com,DS16
D455,Hattie,Eston,(281)-417-4272,2nP4vg@rit.edu,DS113
D432,Ermentrude,Streatfield,(499)-897-2482,BLLsucij3IqY@aol.com,DS308
D302,Nellie,Tristania,(339)-834-0825,2DF7JKZvwtN@gmail.com,DS57
D166,Aubrie,Baje,(576)-242-5089,dFRnotJTSjw7jN2Q@yahoo.com,DS27
D384,Faina,Cottall,(748)-772-8482,x4hlxIKxN@rit.edu,DS296
D115,Lilli,Rainforth,(924)-862-8630,KtcPnv1pH1v5srrV@gmail.com,DS177
D61,Ester,Bardfield,(460)-866-9041,aEQsiMb2n2V3@yahoo.com,DS194
D252,Madelene,Clintwood,(423)-649-4612,pCN9SDnk@gmail.com,DS304
D23,Rosalie,Adamsrill,(035)-825-6257,ELvJomLR5vg@aol.com,DS210
D28,Ema,Hardeman,(800)-790-9559,lOVTBtzoL@aol.com,DS41
D294,Letisha,Bosworthfield,(341)-576-1029,vkChz4dS5zzV4bC@rit.edu,DS294
D333,Lillian,Alconbury,(638)-741-1835,uzgjcL0P@rit.edu,DS55
D220,Florenza,Kermes,(199)-712-5402,l7joyDwAFg8Za8tw@aol.com,DS466
D208,Morganne,Staghorn,(420)-117-4602,HeYtL3OyYKVa@rit.edu,DS432
D255,Blanch,Envill,(852)-390-5546,QIenBmR3lPuow@icloud.com,DS16
D283,Hollyanne,Omati,(945)-218-4604,LkrHO@rit.edu,DS113
D411,Yalonda,War,(467)-955-0744,YX7ETwZ0R@rit.edu,DS308
D186,Beth,Zipf,(891)-136-3067,Y0qnM@aol.com,DS57
D377,Arlen,Cowpastures,(223)-863-9053,P72T@icloud.com,DS27
D334,Blanca,Gorringe,(788)-979-6870,RfVdZQFu5qMBA2n@gmail.com,DS296
D73,Andromache,Payran,(700)-837-2376,2F32SDQBvKdKBo@icloud.com,DS177
D149,Belita,Boult,(884)-113-7017,hXXFl@icloud.com,DS194
D225,Caralie,Sylhowe,(647)-590-3052,RpYJTFBBjvu6yRC@yahoo.com,DS304
D87,Cristie,Clausen,(624)-632-4562,ZqKBDzCjVX8@rit.edu,DS210
D267,Gwendolin,Fernwald,(149)-331-2287,Ud8kg5bY@rit.edu,DS41
D328,Joby,Lamerton,(522)-741-0838,kyv9CuJF2SzcJit@icloud.com,DS294
D428,Betteann,Gensell,(434)-541-7819,EJuC@rit.edu,DS55
D168,Kaitlyn,Cantley,(849)-894-9627,w2vtDGIj6FosoLcg@rit.edu,DS466
D448,Frederica,Grantbridge,(346)-829-0120,yy8ap@yahoo.com,DS432
D242,Tommy,Willius,(151)-885-5186,P22Sf94@rit.edu,DS16
D192,Jane,Pendroy,(924)-075-7008,TJPZwq4t0WH2SK7@yahoo.com,DS113
D214,Hyacinth,Turlock,(769)-249-3600,PnTsk@rit.edu,DS308
D170,Audrie,Byford,(335)-530-1472,bzHLU9m@aol.com,DS57
D227,Lulita,Noia,(137)-020-7692,42mZhhOYBnyc7WZr@rit.edu,DS27
D500,Eugine,Brownspring,(845)-306-1335,PUtxMC4N4HS4izj@gmail.com,DS296
D229,Cookie,Interventions,(983)-078-4526,Z9d2TPAU@yahoo.com,DS177
D178,Charmane,Viewhill,(471)-177-6841,iGYDRFbpCD@yahoo.com,DS194
D397,Allsun,Salteye,(949)-002-2757,dYTlepGWkFG@yahoo.com,DS304
D79,Lana,Carlyon,(818)-109-7388,MH70wiL4B7Cn@yahoo.com,DS210
D133,Lorelei,Alfreton,(722)-791-1715,9Xmjm71G2LV2cD@gmail.com,DS41
D65,Gus,Bayhurst,(470)-821-0161,7FvFa8ULz1kb3T@yahoo.com,DS294
D401,Wynny,Tie,(886)-502-3115,caEuVKuGoOG@aol.com,DS55
D392,Jeanna,Ormbrek,(881)-973-8740,f42yD8@rit.edu,DS466
D203,Ree,Burpham,(378)-754-9365,ALohnMYqwgqXYVN@aol.com,DS432
D475,Benni,Breewood,(395)-603-0206,A5H0b@icloud.com,DS16
D367,Martie,Berryland,(681)-985-7494,WPoU7u@gmail.com,DS113
D36,Jobyna,Vessey,(898)-153-2024,WNCkClhwin8Byc0@rit.edu,DS308
D134,Vina,Willrush,(100)-491-4742,gkaB0gA@gmail.com,DS57
D456,Adina,Maranui,(127)-476-0875,C5nOJpD@yahoo.com,DS27
D492,Dorris,Springpoint,(981)-807-3215,xe0XzPTMo@rit.edu,DS296
D489,Barbie,Borkshire,(544)-472-9110,m6YW1CFzOIJyF@yahoo.com,DS177
D1,Wynne,Casper,(297)-672-3835,hgOxVUXVqCwKnE@rit.edu,DS194
D111,Lissie,Arunta,(821)-201-7197,gpCYAPRFrWGNh@icloud.com,DS304
D202,Theo,Gaycroft,(462)-045-6394,FGEmTMKhOy@yahoo.com,DS210
D12,Charil,Arford,(230)-000-1596,NbOfmIWqo6@yahoo.com,DS41
D421,Alverta,Stonecleve,(762)-496-0920,pTGaX4LtNxnrt@rit.edu,DS294
D266,Arleen,Bomabellee,(858)-220-6839,9M9ggfi@gmail.com,DS55
D37,Perl,Jibstay,(178)-579-0542,MLvybQyTk@aol.com,DS466
D449,Mariellen,Roath,(397)-820-8290,z13Xh@gmail.com,DS432
D458,Gretta,Heathermount,(524)-398-7121,KxQENo81hVf8u@icloud.com,DS16
D338,Esme,Nahua,(731)-621-6122,6Uqf1m@rit.edu,DS113
D340,Conni,Leadwell,(720)-690-5524,XZ78FWWrX1@aol.com,DS308
D13,Sapphire,Schulmeister,(343)-959-6248,3UVdO5mDJT7QrI@gmail.com,DS57
D29,Adel,Claria,(529)-255-4004,J2QAtKTLZakuS@yahoo.com,DS27
D169,Leshia,Joby,(679)-885-8688,vV7N4Z@yahoo.com,DS296
D364,Riane,Fleuette,(162)-157-7143,PP10PvmzSRiLG@icloud.com,DS177
D259,Sella,Prairiewood,(734)-716-2758,yqtWVxSMv@rit.edu,DS194
D471,Ammamaria,Emer,(256)-732-9201,vlYL86W03z@icloud.com,DS304
D204,Evonne,Gundrys,(082)-153-1933,OEpAo0n92gjn@yahoo.com,DS210
D44,Myrah,Espanola,(505)-744-1139,atrOQlhx8495@aol.com,DS41
D232,Randi,Elsholz,(108)-369-4613,7zQjBw26DmtJd@yahoo.com,DS294
D442,Emlyn,Stanyforth,(325)-209-0258,jzoqYBr@gmail.com,DS55
D234,Sukey,Hanscom,(414)-446-5478,GVZ7@icloud.com,DS466
D174,Collie,Vickery,(424)-860-4250,vv9vhGgh@aol.com,DS432
D407,Andi,Villamay,(685)-773-3855,G6RwCvENo@rit.edu,DS16
D270,Consuelo,Loggon,(171)-940-3320,l8onDPXb9iV@rit.edu,DS113
D54,Daisie,Willick,(632)-659-9043,3HyKdWqyLcX@icloud.com,DS308
D90,Delinda,Perada,(941)-616-5153,z0ZVV5cKqkyYgaMy@aol.com,DS57
D18,Marigold,Egremont,(206)-412-5418,UuEaX8T937qrdhUK@aol.com,DS27
D231,Laraine,Horsforth,(953)-086-8903,ToN2RewND@aol.com,DS296
D105,Luelle,Wistar,(047)-454-6882,sGeG6@rit.edu,DS177
D38,Rita,Branchaw,(717)-285-0887,g68sr9w6SfZD6C@icloud.com,DS194
D122,Cordi,Kurnell,(234)-747-9688,coXqHtJ@yahoo.com,DS304
D187,Robina,Cade,(390)-065-3367,XDe3kI@rit.edu,DS210
D75,Charita,Congdon,(458)-361-1450,oYf4T8Clp6z85L@aol.com,DS41
D291,Kathe,Barnsdale,(583)-954-9962,5yw3Ar4FGRabkz@gmail.com,DS294
D472,Matelda,Lessingham,(291)-235-7398,vEgQ@yahoo.com,DS55
D310,Hayley,Levendale,(290)-707-1946,XwgyBBKXKMjay@gmail.com,DS466
D0,Bobbie,Arrighi,(655)-950-7702,LPYfcNY9AA6@icloud.com,DS432
D446,Elli,Copiage,(187)-394-5538,QYRH3xyUU3@icloud.com,DS16
D127,Oneida,Glyndon,(920)-897-7452,ECb2PjYvoHV@rit.edu,DS113
D406,Felicity,Runkenhage,(707)-147-1679,Tn4nCCVQCajmI2@gmail.com,DS308
D330,Amie,Hazeltree,(316)-061-1549,lsny79K8B@yahoo.com,DS57
D205,Yolande,Parkhills,(234)-094-8120,ORZHq4@aol.com,DS27
D119,Lorene,Templedene,(372)-217-9509,Tv7ENyZG1tjNLnG8@rit.edu,DS296
D277,Crista,Pindari,(440)-259-0941,IH7n4w1H@icloud.com,DS177
D269,Lea,Whitelock,(385)-797-4590,OI8Ad@rit.edu,DS194
D15,Cathy,Munni,(175)-952-6951,40iTYa555@aol.com,DS304
D34,Frieda,Tulagi,(008)-999-7136,CRphY@gmail.com,DS210
D443,Julia,Cullom,(934)-645-2185,yGDnS6eb8j4bSs1c@yahoo.com,DS41
D327,Estele,Wychbury,(949)-468-1024,JZpR2x@gmail.com,DS294
D244,Flss,Verrazano,(893)-624-6525,7J0AoZYrb2es@yahoo.com,DS55
D153,Marylin,Pedersen,(491)-246-8045,9qHenLaIVp7lUBLa@aol.com,DS466
D53,Sherline,Lazywoods,(067)-149-2147,MXL26oxsqSWdY@gmail.com,DS432
D212,Bette-Ann,Hawley,(125)-555-1364,zCduPh8f8ZV@icloud.com,DS16
D165,Tera,Fountainbleau,(063)-998-7469,5yuvlq@aol.com,DS113
D410,Jaclin,Krainski,(758)-346-5170,bYDC0QmHGxBzKrU0@aol.com,DS308
D172,Leola,Printon,(987)-667-4492,JcF0cIRoX5HGne@aol.com,DS57
D159,Sarena,Elman,(233)-592-2156,cFadWl76@icloud.com,DS27
D398,Marleen,Rosemont,(513)-342-5132,CIKX677PL4@rit.edu,DS296
D222,Siusan,Cerchio,(839)-573-5591,T3obNou@gmail.com,DS177
D156,Alli,Weehawken,(539)-492-7159,bBD9VlAh5FQAl@icloud.com,DS194
D415,Alexis,Greenhills,(050)-571-8240,uYsv5NbNOG6S@aol.com,DS304
D467,Ulrike,Grovehurst,(913)-447-1650,rpRA0V@aol.com,DS210
D141,Jojo,Raneys,(544)-593-1549,CVtWCbRH7sV9ZF@aol.com,DS41
D68,Mandie,Bunby,(857)-632-9688,eNfU4fvtl3KI2@rit.edu,DS294
D184,Melody,Webbscroft,(548)-015-2004,rjiO@aol.com,DS55
D477,Beverlee,Pharmer,(663)-809-8921,gFRCIyk@gmail.com,DS466
D63,Fanni,Jeatom,(206)-209-1402,fv8NZKnXVtnX@aol.com,DS432
D9,Hortensia,Kenmuir,(133)-825-8759,TupzKctIw0eOu6@icloud.com,DS16
D6,Alison,Cromers,(090)-020-1367,s4beOB9lADeyK@yahoo.com,DS113
D375,Trisha,Libs,(221)-716-2558,FniUeOSxK@icloud.com,DS308
D55,Yevette,Tilba,(832)-991-3485,5eAqx@aol.com,DS57
D470,Dominique,Macombs,(462)-331-4222,kIkEM7yhHYT@yahoo.com,DS27
D482,Indira,Fieldston,(351)-677-3865,8cwkx5DORDakj@rit.edu,DS296
D24,Demeter,Workesleigh,(964)-900-3363,lzyA6AwU@aol.com,DS177
D143,Clem,Champa,(866)-470-8580,uWgPNnQOvLiqza9@yahoo.com,DS194
D293,Dorothy,Beldams,(180)-232-0910,Kw5M@rit.edu,DS304
D413,Cate,Eyles,(415)-264-5523,NdYlG@aol.com,DS210
D173,Carmen,Boreal,(879)-888-2204,Ln57dGI@icloud.com,DS41
D350,Melisa,Rougemont,(739)-977-6847,gX3O@icloud.com,DS294
D46,Bibbie,Bridgefoot,(032)-977-5113,DqO4vWqxZX@gmail.com,DS55
D263,Joya,Lornkel,(711)-218-4907,mZy6NQP@gmail.com,DS466
D10,Marguerite,Kennicott,(577)-425-9120,ybqeFBkX8@aol.com,DS432
D414,Bryana,Haberfield,(363)-561-5892,wDStgFr5v@aol.com,DS16
D379,Celinka,Levenworth,(042)-454-3508,y0UIMH@rit.edu,DS113
D80,Lauree,Worsester,(140)-049-2985,AlCH@aol.com,DS308
D51,Daniella,Kingsholme,(824)-215-9856,tVg9LhVUW5HUOG@aol.com,DS57
D126,Lena,Severncroft,(156)-614-0460,GHbPO6IWPP6@icloud.com,DS27
D47,Lanny,Shellmound,(873)-113-2295,6wqh@yahoo.com,DS296
D362,Annmaria,Culebra,(730)-420-8077,xpn5f1n8UpPWaQ3T@aol.com,DS177
D497,Virgie,Druet,(847)-011-8234,uyfJQueNi3@gmail.com,DS194
