DS55,(764)-277-6977,Starfield Auto,7458,Wayletts Dr.,Punta Gorda,IA,87025,Acura
DS466,(763)-777-8494,Nanticoke Auto,4674,Broad Meadow Rd.,Ann Arbor,NY,84062,Alfa Romeo
DS432,(372)-527-8398,Vint Auto,6441,Kaverton Lane,Syracuse,WV,31267,Audi
DS16,(044)-325-8268,Bestobell Auto,1349,Underdown Ave,Wilmington,NV,77037,BMW
DS113,(540)-062-5405,Koppie Auto,3929,Old Billerica Dr.,Deltona,ME,93688,Bentley
DS308,(688)-213-6143,Meroo Auto,6017,Old Billerica Ave,Salt Lake City,TN,82190,Bugatti
DS57,(542)-725-3682,Silverlocke Auto,4681,North Bowditch St.,Tuscaloosa,NH,29192,Buick
DS27,(923)-409-1674,Chilmark Auto,9210,Dickerman St.,Panama City,TN,45438,Cadillac
DS296,(466)-355-8359,Maslen Auto,8612,Leecroft St.,Fremont,TN,82001,Chevrolet
DS177,(205)-604-3034,Windstone Auto,3863,Wedemeyer Dr.,Elkhart,WV,56258,Chrysler
DS194,(074)-052-4350,Gunnell Auto,6124,Lakeland Valley Ave,Little Rock,TX,11738,Dodge
DS304,(335)-314-3825,Kentons Auto,3219,Kinnaird Rd.,Lacey,WA,48904,Fiat
DS210,(715)-179-3825,Bulkara Auto,6715,Shea Memorial Lane,Modesto,OR,89919,Ford
DS41,(275)-633-1393,Titsey Auto,7718,Karens Rd.,Hickory,WI,41619,GMC
DS294,(461)-924-5523,Warrener Auto,855,Wilkes Rd.,Havre de Grace,ND,14870,Genesis
