YOcqabY2uvMtcPE9O,Indigo,25854,Used,Optima,497037
BZo8scl6uJb8Uec98,Silver,124197,Used,Rio,413902
b2rnQexTKl9ffGexu,Prussian-blue,68414,Used,Series 75,275878
m4w70Nel9llagSjPh,Emerald,16668,Used,Quantum,436952
CAsSFav3M8yEbUdn0,Lilac,169132,Used,Fusca,443147
SyIzt3ACi1KSmrDNo,Champagne,32369,Used,Pride,284415
hGjwfHlgrzFxs2NpY,Persian-blue,35546,Used,Pointer,51160
BxIeIud2uZtzzLhbk,Plum,157022,Used,Optima,221914
7TbjA6yq20IsQjfpp,Emerald,131414,Used,Series 62,189232
ov4kEPbUlhDAAh41O,Baby-blue,74520,Used,Saveiro,395812
OZNvj17VXUmX70dfE,Sangria,37525,Used,Series 62,281275
5DuRrvBaoijfwUQSq,Cerulean,195965,Used,CTS,408886
fQcip2ilc5Lqh84jc,Aquamarine,106921,Used,i8,377052
o65KkmAmPo0rtrcd5,Amber,124339,Used,Enterprise,439782
ffPbA8nQya5hmuyVe,Cerise,41872,Used,Z4,206889
YyrKX0qe0PEmPc349,Byzantium,126905,Used,SRX,53026
0hj6H9icwZVMWD1K6,Emerald,3861,Used,Series 62,291563
0zwMbxjkknWlO6iPs,Sapphire,148809,Used,Carnival,454476
3N1tLwkJif9UYYMHM,Cobalt,36760,Used,Avella,161207
LPLEGU2UymY3gigYq,Blue-green,174393,Used,Series 60,32193
QTjpIhKiU7XLRiw8b,Yellow,103937,Used,Series 65,127869
CT7nkD537kgnGwR7T,Champagne,2092,Used,Elan,4090
PeIbvJyComkSwRzsa,Salmon,69269,Used,Mohave,104957
Sj4Xk7wWseG1mjms5,Peach,144106,Used,XT5,67386
PCjycbWCAf3Nyxjae,Tan,43428,Used,6-Series M6,488122
2CC0sR7CJoz4445jW,Cyan,122560,Used,Series 60 (Sixty Special),277101
V8jKCfA89J27fIWtI,Aquamarine,4972,Used,Cruze,427452
UFhwX0EcFEMpBFh8h,Ivory,1082,Used,X2,128347
3vfdV23x7HHv9XDNe,Desert-sand,56832,Used,Fusca,12909
QxrX05WjfPnw939II,Cerise,157304,Used,Forte,100765
LtTZyLxBzpewWQU3v,Coral,158493,Used,Silverado,487897
UCtNyoDlbDbOkaphR,Brown,189505,Used,SportVan,102670
I6PPGpJOIz1flakLM,Prussian-blue,106322,Used,Fleetwood 75,234710
U70vzF21Ad5znvzeW,Byzantium,172899,Used,Quoris,21846
SkluaXgkkO1OqFet8,Plum,140402,Used,X3,185184
2wt28oqnasQfQnhGB,Amethyst,136254,Used,3-Series M3,243830
hhDGu9xXyuZTTakZS,Cyan,179384,Used,XTS,164978
ZSsxA5HzCBNixoBKu,Bronze,28795,Used,Apollo,280332
Jpr0P2QVGraenKglB,Plum,40462,Used,Series 61,386462
DhfiYCzRyLlMLHuZT,Blue,110875,Used,3-Series GT,57709
0wVmeAMDyQwHYpCEF,Plum,8442,Used,Rondo,464156
Sc8VkpUWZEcezn6qS,Prussian-blue,153019,Used,Carnival,430092
N0lTyTvADX7TQbNMF,Cyan,54600,Used,Niro,48173
7NdyzGJxBdMvcqNXW,Amber,80606,Used,Sedan de Ville,130380
EOySW5cbYVcVWt8YX,Blush,77312,Used,i8,304717
YLNb8iPafqyRHRl5s,Indigo,97690,Used,Cruze,333022
UuALTnrW1wEXjQ8n7,Ivory,187725,Used,Carens,214894
rEbeDrOf5ySbg0paF,Coffee,160391,Used,X6,481743
me22r4SUt5Io99gQ2,Jungle-green,8590,Used,X7,447595
pmzJ5bbjEuO4GAEWh,Blue,71425,Used,i8,345833
lsjeZiAYf7GXD90fQ,Beige,137664,Used,Parati,117802
PvawOrp09M5ep6QXL,Salmon,168189,Used,3-Series,174426
tAa8X24TOdk8qrQfJ,Taupe,25847,Used,3-Series M3,474005
ybtOAttwuNe6aVtyZ,Blue-violet,54720,Used,Sedona,465892
0r5zmKgiX4wPpkYVo,Sapphire,18886,Used,Gol,26993
ulnBzmvoRwsJFYSiS,Persian-blue,154944,Used,S-6200,153010
Lj4NFPfHgJoOFVA8K,Carmine,117132,Used,i8,15862
hsAd0zcH9anEud44h,Amethyst,107100,Used,Sedona,469816
OyH2bwluxDwtO5Rvu,Cobalt,181964,Used,Cerato,491569
FBGWNIQTdGhv74XfL,Erin,103716,Used,S-501,320497
1EdBLFzQEepmabWpa,Raspberry,119774,Used,5-Series,44397
DtkIbBwBZWjLf4FUg,Gray,196371,Used,K7,93946
rEYQjO6CNQ2n4i8l9,Cobalt,136002,Used,CT6,281463
sfQ5qrCV2DE8UGF8S,Harlequin,108796,Used,Fox,487461
VcLSOgfYbB0rue2Gb,Amethyst,30,New,2-Series,440046
NmisjOAeFuPHo1MWA,Coral,150825,Used,Carens,17127
5l0K8pAHjMXFQ4JGf,Blue-violet,112850,Used,Series 62,385908
7dRnd0Ft0MtH1R3Vs,Spring green,79722,Used,Carnival,224500
Vh0wUHCv6LHo6pwXT,Lilac,3611,Used,Sportage,7717
8XD3JiEVx6Sgw5oKv,Magenta,159454,Used,300 Isetta,489329
Iqe5NgGW7uCf0tSGB,Coffee,56773,Used,Series 62,421425
4Gli9RI9pWQa988Tl,Yellow,157380,Used,Potentia,237382
BxkThzeGBVY1HdBqy,Orange,75082,Used,K7,233158
s0ZyNEdO00Daurjo1,Pink,156226,Used,Fox Plus,129730
LQX8AtBldCkmdDzIX,Tan,147056,Used,Z4,341603
jLkFdntsvB0UJnv2K,Bronze,14928,Used,CTS,437504
oNnr8orbvN6uMKS9M,Plum,153890,Used,Parati,314229
2D6FSK6R7rwF25PuL,Spring bud,50069,Used,Series 65,210812
6ibvGbNu5hO3EU95L,Yellow,186775,Used,Escalade,492839
VX2OnQlqWjthHeRBM,Puce,137045,Used,Series 65,360953
laX5rD7tPCq2U5OCs,Silver,187074,Used,Retona,8660
Imv0KwBS3hZ18S33f,Mauve,141355,Used,Pointer,370015
vYnZqO948RAuWm2tO,Olive,191545,Used,Series 61,287206
x3Rtp1WAoQFqBxDHt,Champagne,76435,Used,S-507,199188
hC2StaaIb39RrTXqE,Lemon,52619,Used,Quantum,110332
tgCYle37fWzTXwne7,Indigo,36847,Used,DTS,79857
Ov4ZLEdVvVXtzg8Js,Tan,113454,Used,S-503,43513
iYNlOjq0dJ4giYJMn,Coral,142002,Used,STS,428709
niZ9dT5A7es890Iq8,Blue-green,32368,Used,Series 60 (Sixty Special),42483
HF34lEbFvmS2grtOL,Silver,136161,Used,Concord,303698
hd5JInd0sZjBoaX3U,Apricot,144132,Used,Quantum,371120
fUWuYckwKpG6cyJZ3,Byzantium,33048,Used,Parati,191025
Oo2ntcmPYlX1zgwEw,Orange-red,181858,Used,Pointer,182753
9cOzhcaCnnqStA2Dz,Bronze,143323,Used,Series 62,185031
GXcmZwTSqoi3aSoL3,Orange-red,99152,Used,Elan,294714
bfof8CF1JhBRmB1o2,Salmon,130427,Used,6-Series M6,354029
os9U4Q62C0tAkxoKL,Carmine,15927,Used,CT6,210043
mEeZjWHxqLv5lNhDc,Maroon,32641,Used,S-6200,365511
ATZEza2fmTMC3VeSJ,Cerulean,168417,Used,Series 61,234356
2kcMaKnAPJD3r1O2g,Burgundy,60032,Used,Quoris,24774
EO4RkdK5ELxILs80B,Blue,158151,Used,Gol,281047
JB3wq9FQP3RZEhKGf,Lilac,152553,Used,Fleetwood Limousine,367045
oLfCFXGxLDPuUOqf8,Black,131019,Used,3-Series,405180
8c1CzqXzKkQ0GXEJH,Burgundy,65456,Used,Z8,124064
s2LxQpVsQCLAkMvir,Periwinkle,20003,Used,S-503,56553
jTzwL8IhJxYli72Aa,Scarlet,175373,Used,Quantum,438717
E9dHZ6QBXcF7dbwyV,Jungle-green,65097,Used,BLS,267011
GU6JuKYaOBPxKseAR,Blue-violet,184884,Used,Cruze,244955
M6D7EcgfsdljGxGF1,Burgundy,85136,Used,Suran,498318
INerJGtFszrsQZ5fz,Electric-blue,50959,Used,Series 75,440363
iBZrS16Mr0vebogjY,Magenta-rose,183597,Used,Z4,151069
LxocE0CpcysGV2msv,Blue-violet,189330,Used,Coupe de Ville,170797
Mwby6Sltu725YSoFP,Purple,14707,Used,Series 61,210971
zOwI1cvaKekIqXeEe,White,16674,Used,Stinger,210833
NruAY5GS25ORYqUdb,Cyan,195382,Used,S-507,305887
NX9dgUU3ieb3aHRMC,Brown,168466,Used,Magentis,128959
aiOJyePmtXCaqbGRQ,Yellow,121392,Used,Series 61,151116
Y65u4WXuGQnlUjl3F,Yellow,72358,Used,5-Series GT,378771
n367qPQZv2WBOyGTY,Violet,86588,Used,SpaceFox,400342
9LxVrgVEbUubuUyBT,Harlequin,135418,Used,Pointer,363437
rXgMpr10OnfyqqWP6,Orange,189161,Used,CTS,85782
l5wBklS0hLfeX3SQg,Periwinkle,178987,Used,Fox Plus,465620
2BBPS3EITDjgzVOlx,Lime,75827,Used,SpaceFox,29645
5k7r7SOJfbS0A0iNu,Raspberry,30515,Used,1-Series,420868
vhbf6W71xXcVfjAxg,Orchid,35059,Used,Fleetwood,360774
dQWb3A6K4wztZervc,Cyan,197868,Used,Series 62,486582
LNYq0PwGtR1fDwcOX,Silver,59354,Used,6-Series M6,169751
Xy2rg6oGHBN6HSN3P,Chocolate,2341,Used,Series 60 (Sixty Special),181796
aYbK0w5GvNxu9Hs4J,Periwinkle,151884,Used,Quantum,94132
wv9iHZSU2xQOO1dw3,White,28841,Used,X1,106146
LICpVXOmA2KW9F2bz,Apricot,117469,Used,Forte,473158
DbEZjXtdmp7KiYEB3,Cerulean,25930,Used,Series 65,458183
5XgeirSA6h2zWJc3u,Ultramarine,5521,Used,Shuma,418470
zRNgQsEhyeJxHisaI,Lime,11445,Used,Eldorado,88296
UskNqU3UfGopgfKDh,Taupe,107360,Used,CT6,135326
gkNm4VJrXmdNfdxFZ,Chocolate,174368,Used,XLR,99052
84Qdd9zYDFUouM4EM,Olive,194972,Used,X4,113617
NnrjjN1JGAh9M210k,Magenta-rose,39704,Used,Fleetwood Brougham,328201
bvayoZ3tY3N7HEuri,Teal,198133,Used,SRX,469369
huJZmrtNGzoysh4q7,Amethyst,172774,Used,Potentia,279636
11AaTnqC2kWUcJRXU,Plum,4858,Used,Sephia,164370
AdOVNG8yXBMrHCpFf,Chocolate,30346,Used,Shuma,6327
zGhwQEjlsrsg86ur0,Green,30201,Used,CTS,206383
EKi5wEwBl7YWPR35D,Scarlet,3366,Used,SP2,186851
4l3ZHkZrhERd69ode,Periwinkle,24414,Used,Fleetwood 75,382256
H3xa5TXbIlbcoLhDY,White,77115,Used,Allanté,281192
1mgC0meX1QsvjfzbK,Purple,76813,Used,CT6,280395
L8DlEp5ZXldVhs71N,Prussian-blue,157367,Used,CTS,159046
Av0GKYs9GWGH2Ogwq,Coral,7007,Used,K9,439128
dlUGN78JEIyMMPzvh,Copper,167203,Used,Sedan de Ville,84108
eezt5tkEN2eUpYjzT,Amber,12503,Used,SRX,177044
gzt1jvPngQjEgF6TT,Amber,121114,Used,5-Series M5,458299
f6NNXAPShqFrYgzDm,Jungle-green,155526,Used,250 Isetta,162202
O0XPxk4VMbSxf2t1u,Navy-blue,68904,Used,Clarus,327099
Pku4Zd9yphKHmGM14,Magenta-rose,21501,Used,250 Isetta,341366
oFQuTImBhaklSZn67,Desert-sand,47839,Used,K900,298028
T9G9LWoSfRT5x5lxW,Pink,56786,Used,Potentia,447900
lNly48YYMdFxzPSkr,Lemon,2654,Used,Series 62,194068
gz7rw9xRWl5IZcvbB,Tan,132044,Used,Rio,433171
Wu3Op4iD1ZOevYpNS,Turquoise,59583,Used,Borrego,198904
QvsGwzxarqJYiihxe,Tan,16172,Used,Shuma,27461
ven1mFYJm3yrX7LrX,Coral,142695,Used,6-Series GT,396614
vLmsW29cEdrFLOxzQ,Amber,47073,Used,Niro,331294
db2Z5DPJI1BsgRnc5,Turquoise,96279,Used,Series 60 (Sixty Special),374303
KCU3UUh6aNHYlAQGw,Crimson,162397,Used,K5,213759
vGkfiOLz2eg6nwVBb,Lilac,10975,Used,2-Series,207068
5B0alQUM5yhGJydjQ,Persian-blue,32789,Used,Concord,490314
bNEIheTKNdMkuhatK,Puce,199799,Used,5-Series GT,79597
gb7Iq3sBRy05Sy7As,Blue-violet,59323,Used,Mohave,341408
ELBRPPLaxH480di0c,Cyan,18430,Used,Fox Plus,489320
IBU68JYumgVpPRcv1,Cyan,95668,Used,Magentis,61994
5KCnIoMZujWU1Owms,Silver,194033,Used,Logus,183170
JZnVjl7za40rxnv1i,Tan,114703,Used,Stonic,453262
GSaiO82tiGNZiD5rc,Chocolate,34804,Used,SpaceFox,182918
j7p4jATH9EgtgQ0ik,Emerald,142023,Used,Clarus,451798
GJcRh8Qfmqhg6iLz3,Cobalt,46767,Used,Brougham,87146
y6IFpVaHOo62GW6DH,Cerulean,196562,Used,Sedona,15806
5gHORErTzcI01tTW9,Amaranth,123090,Used,3-Series M3,100522
heNGyOwrt0QATBsOV,Gold,158158,Used,Clarus,393463
PmmNgm2fyxELAAXwP,Tan,5235,Used,Magentis,191423
PuVw7nARXfp03X5Rh,Apricot,17551,Used,4-Series M4,269779
6PEzfHy9F1oOHnwHV,Orange-red,143603,Used,XT4,159421
2h6dtrlQUSspWxc3z,Beige,12124,Used,Mohave,445591
pfeIZ2wBVOeoNAVJ3,Electric-blue,185128,Used,Series 60 (Sixty Special),274248
YEd7JZuC2yMnp2fU2,Ocher,166891,Used,1-Series,34924
Z8G0TtjsqV01DzTIQ,Bronze,64216,Used,Z3 M,107284
458GCKkatGQn4DGwP,Copper,69038,Used,Series 61,480625
fAbJjtwqzgytwTIia,Jungle-green,195593,Used,Logus,216813
JY5EAk6luvKR6kizY,Emerald,183932,Used,2-Series,301232
gZTZdBbmqrYhQy87d,Cobalt,64887,Used,Series 60 (Sixty Special),187566
mJEd2YZgbU6EY0kaj,Amaranth,92044,Used,Magentis,203243
L3owJqyqcaG1K6IWd,Electric-blue,155282,Used,Borrego,134963
29M8DpOWu3SnwPg9d,Magenta-rose,80367,Used,Parati,39887
XKrn0p7aIoIzxoDGF,Pear,54709,Used,Z8,179781
dilZQyOesnsl3KZri,Peach,114099,Used,Series 75,415704
PXyKeqci3yJjRt090,Apricot,47917,Used,SportVan,146864
sZrDYtxFWKG0O5LAY,Pink,7610,Used,Picanto,309622
ikLuAB60gZSrQFiOT,Red,153438,Used,Catera,319744
t7KDZWDKSklaFbYZn,Rose,32210,Used,X6,219281
KrZFP9oZbBTtyAyq7,Cerise,160946,Used,SportVan,284308
qTSkTdVuGI40EYK2t,Jungle-green,77815,Used,Calais,292572
jCaql6ULshVgLZOHo,Lavender,73165,Used,Enterprise,438845
lO6a1Z9ygNhhjNJcy,Tan,46076,Used,Z1,372493
V1Q66Uu7ZY0zU8YOg,Magenta,150072,Used,Z3 M,70862
IJR44FSMzq07hWXWk,Raspberry,168243,Used,Saveiro,237977
NHeii7O1I2Pmvb4mV,Lilac,78798,Used,Fleetwood,118311
VwRH4lmnUkeEb13pE,Baby-blue,93060,Used,Quoris,79439
xZExxcRVGJSN2T7Ab,Black,77357,Used,S-502,134869
y3B2AphFZDeR99lfB,Copper,155597,Used,Sorento,453188
nOFxKrZ1Yen8zG5e8,Brown,183700,Used,Avella,218450
UhbYc7h9hlcGoJOob,Blue,37027,Used,Eldorado,184458
MQ8RARIFtgFJn1zzY,Pink,129512,Used,XT5,459295
OhZwmZeG2uIe1Wg7F,Red-violet,162392,Used,Sedona,289301
VKstPPaqQc4OiXOJ4,Sapphire,37669,Used,X7,478432
zj0sEr34BvOQOzIvo,Puce,34752,Used,S-503,237429
B3Kbz6ozIBHZvU231,Orchid,148926,Used,Fleetwood 75,63440
XAn9V1l9JW4l4DgL2,Viridian,193779,Used,Logus,6602
daKKG1GknbJBIypfR,Silver,163011,Used,Voyage,391454
1nXfNm5uCD2cKwiQu,Yellow,87396,Used,3-Series GT,145689
z2qI8N0n8B0zd9zYE,Gray,143215,Used,SRX,490974
3cf6qOnWoMB92dZU7,Lime,48986,Used,K5,262813
gohHFopLOKjMpIpRP,Lime,107663,Used,i8,145512
6E4xbZ4FdYBnJiLOg,Magenta-rose,107256,Used,XLR,316780
NvCBXWEEYxw1mGyt1,Jungle-green,107193,Used,1-Series,24807
AmuKwoUM0fnKB5FkD,Puce,169119,Used,X3,348934
qfOfNirIcngucq9Ne,Baby-blue,41784,Used,Bongo,446493
f4naHbLaPlLV0rWqB,Teal,197442,Used,M1,45620
9vGoXWNwhw3Dt0a5a,Salmon,7955,Used,5-Series,340435
J8O89W2kheqtQ0fuW,Scarlet,188716,Used,XLR,79765
c5WzMD4hnfb7ngrKm,Blue-violet,166604,Used,M1,260442
F1yoiuDT8DVDQCu1z,Copper,35216,Used,Fleetwood Brougham,211755
vZK13WdRbnrYN6xrU,Ocher,25496,Used,CT6,216351
IG8i5ptBkmyIJ833x,Ocher,14743,Used,5-Series M5,215637
2dDWsIj5Kum2IOCRl,Indigo,66560,Used,S-503,412367
E1tgw1cetntyThOku,Ruby,14352,Used,Sedona,237948
Ppxm7hvBuMI6PuXZU,Turquoise,1394,Used,Brasilia,351186
zLO2wot3gnyrUwLoC,Prussian-blue,126776,Used,Magentis,34484
rkj7mHNdbFd5UPo4b,Chocolate,102826,Used,Sedan de Ville,352220
u1ebgstCkNATAoCtu,Brown,161139,Used,Forte,216806
Al8630Q1evnu7elhQ,Prussian-blue,151209,Used,Rondo,161484
2DQz3t3VH7J3uJBaz,Emerald,115477,Used,SpaceFox,275280
nUiS22gVekOkNoAhk,Black,108540,Used,Series 75,73665
u15uerm9NSDgv2Z7G,Coffee,98221,Used,Fox,484410
bKQhUiz25LiPIIV2h,Black,34883,Used,2-Series,66061
ZEgmde49mWZu3RqM6,Black,64402,Used,Cerato,47214
6kygadYAhJDyPepXB,Maroon,187585,Used,Borrego,62231
dJ0RM6XCdt4zDwoqo,Ruby,198533,Used,Elan,418476
eguqPVg6CYOn80VQU,White,95144,Used,Logus,64205
l2rF0tS65qO6CvyuW,Black,76145,Used,Fleetwood 75,404473
7U3TFanzzX8Cq0qoG,Turquoise,61348,Used,Voyage,361849
J4aQucJiCvQHyhv2C,Chartreuse-green,145461,Used,X2,434737
dg3cntrkdSdm3Iw6C,Teal,168518,Used,Brasilia,29232
gJoXUPhEURsshnZCB,Amber,187051,Used,DTS,42206
ka8wGAgrU006R229n,Byzantium,38562,Used,S-6200,10993
2IxgjQ9g39RUEdlut,Blue-violet,184915,Used,Soul,455526
bVMky3NRvENauKJoL,Green,62633,Used,Saveiro,386920
kUPdQCUrkHrmXKF7d,Magenta,72736,Used,5-Series M5,310980
hOw6dNrKMn1MDB92O,Lemon,150777,Used,Stinger,118315
ED0US8yzSu8EvzcUC,Blue-violet,7245,Used,Series 61,416667
PuPGFRBldE8pzuAYD,Burgundy,7315,Used,Series 61,358848
RqbqdvCC5hKr59WVB,Pink,1810,Used,Fleetwood 75,158644
dNBvZ2EDXC3rZpeMS,Teal,118598,Used,Venga,40894
tJbCroCq2xWhri4kP,Gold,110376,Used,X2,95319
NAhepjwmPVAdPlt9T,Mauve,96636,Used,XT4,26704
ew2qWK0Xo1xXY3Q8l,Crimson,169808,Used,CT6,12516
QIkIwHBjcPBDhbHPi,Raspberry,27789,Used,K5,189614
alfCXMsM4K76INgHl,Desert-sand,176398,Used,Fox Plus,141481
uS2nIepFqxogeH8u2,Harlequin,123663,Used,Series 62,240967
wut0d48eqA67zG3Ax,Blue-green,92173,Used,Concord,57399
V2LKbnN48eNWTiMAU,Orange,92878,Used,Series 60 (Sixty Special),423222
wQrlH02dtfn5EsX58,Silver,7392,Used,Stonic,268538
C1UfKjEaKwr0SMhp5,Lime,2015,Used,Z4,136662
OFAQX2oxnBlr0JoSE,Orange,26877,Used,S-501,184887
6BVso1ZxhasnPTsFN,Copper,70695,Used,X4,159902
a8n1FCkG2iqSvyxl8,Pink,125939,Used,Voyage,163660
ZX2M6xNYHV7g186hg,Bronze,11650,Used,i8,95633
7odtxrjV4K7TYYYxe,Jade,64439,Used,2-Series,276798
JxymDzbcPuP4ctcDH,Chocolate,142961,Used,Optima,313006
iqrfZNpRDzWNGTMi1,White,197308,Used,Series 61,213422
kxMJtTNOEg7X9L17N,Magenta,26162,Used,Magentis,141528
XkNg3G3TC3CBI7P0b,Brown,55003,Used,SP2,453051
20ErglNTCmVTb2gQB,Blush,115823,Used,Niro,225329
E9HlzffXUXvQL49lh,Ruby,152982,Used,3-Series,164369
IZHec5W3nHWeqZamd,Lime,33379,Used,Borrego,489556
3ZBlUhvUeJtv7xcXH,Taupe,122744,Used,S-507,243795
bxh4XMb91gg8JD7M2,Taupe,133324,Used,Fleetwood Limousine,66380
yzNhhwllrWnXH0M5q,Coral,188992,Used,ATS,84807
v0zjfOS9wKVorOHgZ,Spring bud,47643,Used,Suran,319875
cKChjeKOvGhkHyg77,Chartreuse-green,3096,Used,Fleetwood Limousine,330770
xRArAhiE58v0IXMuJ,Electric-blue,120178,Used,X5,466865
5Q141DeitRyye7jnk,Amaranth,186442,Used,Z3 M,467731
ltHmYOMd6QYVViVN0,Spring bud,79654,Used,Borrego,462328
ssWshzbRmI0TIASk6,Lilac,180509,Used,Stinger,455619
ou8MqoUzzP7Ga7ecu,Magenta,3093,Used,S-501,148784
46nBVHmHHitze6TA7,Cerise,109074,Used,M1,199277
8CbW1nPcBuXEUs6L4,Desert-sand,180520,Used,Apollo,258192
zM26ZVchaFG4YS8Ip,Cobalt,151654,Used,XLR,355437
VnpJIdYs6yibSIsLP,Periwinkle,163525,Used,5-Series M5,241311
Nc5ioL8CG1MAPR5WT,Turquoise,81851,Used,Quantum,120571
dPQNYt3IcHVAQ1Lyj,Ruby,122618,Used,Escalade,152078
xuOHHTa7Zs9Mds6mJ,Erin,20374,Used,Joice,327153
1BiFrSXmTlAHMvPaP,Spring green,150137,Used,Silverado,280500
lHfXDHMAxj1UELcNL,Desert-sand,57799,Used,Fleetwood,212282
oqotLVRg57v239znj,Red,85746,Used,Z3 M,195226
lf268EJ54PrpSmnrG,Lilac,135565,Used,ATS,392511
5n38X6VAdL4eFSXhq,White,4279,Used,Z4,194647
36MOlJeQ4wRSnOZNS,Persian-blue,36520,Used,Sedona,353505
t7mw3g4R7FKaRJRW8,Viridian,85329,Used,4-Series M4,192444
65E7sJukBZ4siHejR,Chocolate,156853,Used,Venga,397510
63T0mjoncDxKdWHpp,Harlequin,157900,Used,Amanti,369165
3UDWIZicKpp26POR5,Sapphire,183200,Used,Series 61,137754
zyvACKywWY3T4pw4K,Erin,105982,Used,1-Series,228214
nWz9SZvnC0wrmQm0h,Gray,118358,Used,Soul,79415
EviZFpib1A5j2YBMc,Red,99499,Used,Cerato,416307
LBmSYX3V1eCQCiqux,Bronze,60244,Used,Series 61,381403
caDdpHZDZLrtpZo1l,Persian-blue,86,New,Venga,73285
eiQ01DIr6QmmQP8TD,Baby-blue,97464,Used,Avella,465871
MOR0GVDZOoUtTski1,Cobalt,73567,Used,3200 CS,105596
QwXIUjpO9HrNLR8VU,Taupe,63209,Used,Fox Plus,96950
rFp53zrSJKTRhfkyZ,Magenta,20154,Used,2-Series,7238
Fr2LX791IxZyzflar,Coffee,132745,Used,Z3 M,386735
OheuvhThDsXL1Mybp,Ruby,114526,Used,Apollo,435271
8dJCESrKqgMf2kTef,Persian-blue,118556,Used,Picanto,371048
VJB9ojGu7TXlb2PLf,Sapphire,79672,Used,3-Series,8304
6uJoiWclsCfP4jRnC,Peach,120524,Used,K5,157866
7iArGYxAFjK8vLIW9,Puce,32196,Used,XLR,73602
tCW0bb8BOYwah4gFR,Lavender,61821,Used,Bongo Frontier,305025
aUY6gWBNkNTH3xG7H,Gray,92915,Used,2-Series,140783
Z7KROmoHssXIKtf7n,Azure,158243,Used,Fox Plus,172016
xAaZc5UNSWgdOdfpo,Violet,35734,Used,300 Isetta,197950
rfzaPNiUJSXWehfIN,Aquamarine,157232,Used,Niro,422494
fXaQdHAhcUoQWWIkL,Cobalt,194886,Used,SRX,466760
1WvVIaLkKUcSn5JJN,Sangria,140538,Used,K5,345635
bBgVqiKvoYgWFE03h,Green,41541,Used,Picanto,223938
7y2JXAkcthaPZEtnk,Baby-blue,1722,Used,X5,48929
gnh5z89HT6POutjVT,Slate gray,98557,Used,ATS,423684
la3S68lOowuq9bq6k,Blush,151858,Used,Brasilia,225876
5aqtG7VyOcwbpgavJ,Silver,190621,Used,6-Series M6,293272
NEZJDEbm0xGuBsWt8,Prussian-blue,1462,Used,4-Series M4,147652
3UqZcUveY3jz4he36,Gray,93752,Used,Sephia,397998
sd80KB5C1ynZkeAFU,Green,144484,Used,i3,201680
DGk0NdDqC3R6D4PyD,Cerulean,136155,Used,8-Series,238733
i2rGVwvhJZnYj2E5s,Gold,161991,Used,SpaceFox,228392
rqv40GlyJGgcTFe1t,Ivory,30997,Used,4-Series M4,372499
PXx701xkQ1aj1BVDJ,Teal,151904,Used,Sedan de Ville,114986
TwudWLZo8sMJuUSyz,Pink,77588,Used,Avella,16421
TMLn4mHp53fEG3FEc,Ivory,47202,Used,Carnival,492277
hIHquAp6589NgNfo1,Cyan,150754,Used,Z8,71508
WWRugHPANwjPZZRgQ,Blue-violet,24203,Used,X6,317986
pNU6sI1A7ZgeHHQwk,Gray,9478,Used,Gol,156764
z0DSzzSAtTIwmxewI,Amber,188284,Used,Elan,166762
vFBjA99B6PSsoN6Lm,Apricot,11347,Used,Quantum,164307
0R5gtdqTAwS6NjUAI,Ocher,71117,Used,Optima,205935
WblodXzRNA66Mfq7h,Taupe,32440,Used,Pride,342757
HFyBJidgxgkR9Rhsk,Crimson,82021,Used,4-Series M4,34012
ESJft89eQ4dKDSmPj,Beige,121519,Used,Optima,78192
loUpHQ2pKae0SGebC,Cobalt,3043,Used,X5,65962
AnkbbligSLVtE7IPq,Orange-red,91537,Used,1-Series,314208
tV6fX24daff1Qmlxl,Orange,103190,Used,Potentia,181495
gYWNY119axKCLnwLI,Baby-blue,113213,Used,Series 75,36085
vJsKAKujYR0x3kopW,Ultramarine,43354,Used,Series 62,149955
V7VjWmRMM7k1PkBCq,Sapphire,131370,Used,Quantum,444536
VismJaxLia2Xr2w0Q,Red,143412,Used,Z3 M,388804
g9zW3rel0SMnHYF0v,Erin,163604,Used,X4,156963
n8FuMaSAtQrxsSpDG,Baby-blue,159208,Used,X3,461480
i0fubm9RdeRFOgetF,Green,146707,Used,Santana,277509
Ipafpb4bbcUkDLG0n,Carmine,745,Used,Quoris,443944
2sDzDwc3yybVTgqiP,Carmine,93399,Used,Eldorado,228019
I2vCN7Elax9WBob3z,Emerald,121017,Used,S-503,303095
tFM1gAem2c8Em89NH,Periwinkle,164878,Used,Escalade,275649
aHpqz2LaOYdWlJq20,Emerald,163295,Used,i3,397250
M7hh0FEgW6zHGmrvc,Ultramarine,124303,Used,ATS,337769
7TjUHkIwY81Oa4bO9,Lemon,38135,Used,Z3 M,13241
9rmZpIH4yHPn3wZew,Olive,133661,Used,Series 60,195852
lANURjL4cWmrVcK1A,Persian-blue,150198,Used,Gol,389777
8MHECd3ufw50lBsfE,Spring bud,21565,Used,Quantum,214332
M3fjqNB7KrP0OV1Hb,Amaranth,83899,Used,DTS,498682
UnpjFqiMsk0E48Pzh,Coral,128550,Used,K5,295885
VjrpzePtXOwtBXrFB,White,85174,Used,Series 61,300768
RqyLZc7oVrZxD1GXD,Magenta-rose,93860,Used,3-Series,156329
xeaSbBub06CAI7lKE,Turquoise,43565,Used,X1,97888
RsBnrY2gULZHGwYpM,Lavender,65866,Used,Sorento,72892
NDKzeq7gckyLIFDRj,Azure,837,Used,XT5,92935
3a2Q6HULEJpECeNYe,Raspberry,164585,Used,Carens,348040
QgfIIo5gKTDjXAIiP,Amethyst,44075,Used,Seville,434604
46vc9r35qs03094FS,Cerulean,174149,Used,SRX,149948
bE07wu9VftOm6yefQ,Amaranth,4291,Used,Parati,213534
b8qyzwZh8whexNdrg,Blue-green,82541,Used,Carens,422747
vZGtpGO4S47nBh8Im,Beige,90868,Used,Fleetwood Limousine,332129
rfuu32POJHW8jvx1y,Rose,92521,Used,Escalade,411426
IwRpUu1ZWe64Oat6P,Maroon,147912,Used,SRX,467962
CRBYgtPmL2RneKl4k,Emerald,66425,Used,Apollo,40180
zjCTAxvRB8vLyh0tq,Apricot,84012,Used,ELR,161077
CzLWha7kYT3v95swl,Amaranth,156924,Used,Series 62,421611
2tjZT3i7PR4q6N6nX,White,99463,Used,Cimarron,378134
aTpxJTKWGTYsXc712,Red,23551,Used,Carens,378179
dEVH6gFvmra3l54cv,Navy-blue,55912,Used,Sedona,169802
dzJmkZwjKoQFsuotr,Blush,122573,Used,Allanté,153905
0U3niGYpcwVlFLYre,Lilac,160937,Used,Bongo,96627
wI1GWkAjgWtiNdqp0,Plum,109995,Used,S-501,149979
wnBSISUlxy3tcc7by,Viridian,45575,Used,CTS,148397
X8aHgqQoFKCth6ZrE,Amethyst,43468,Used,K5,176356
FrkfO1AKcvUoVGnHa,Lilac,69606,Used,Forte,258992
MK4nV8AZP36oVFoL5,Aquamarine,103400,Used,Fox Plus,343881
UyJ5ltzim8YOiofTy,Navy-blue,1138,Used,Enterprise,256783
o8VEJb4sAmfq7cJlF,Spring green,101744,Used,5-Series,122450
rrXaVNiHDUak2EDpJ,Mauve,23268,Used,Pride,105827
nvnHbztRb62J2opnw,Beige,41269,Used,Rio,378425
CSKKos5k03erNwhrw,Emerald,55576,Used,X3,42941
8SAxMU2ECLscZyrGF,Maroon,83435,Used,Optima,409754
PLgQRsjPkYSDYctjU,Taupe,42516,Used,5-Series M5,228772
120vxJ8Eq2xOxXPyG,Coral,73636,Used,Santana,87374
uRyRpTpgIiqc6SN5t,Copper,173384,Used,Cimarron,178580
KgherhCA1AHZQdaUD,Copper,51616,Used,Pride,257075
8eUy6Y7mdFJGfU2lK,White,14239,Used,Fleetwood,309051
uLMZjlFGmW2EiQgK4,Puce,73432,Used,Logus,374309
k7TXinlk76C46kjLn,Aquamarine,128346,Used,Rondo,66787
kNZVZbWrHpxQDb7RF,Apricot,196185,Used,CT6,463881
zNL8r4TVCKhRaElhl,Cerulean,57008,Used,Forte,483681
Ji4X4ZmB8NPtq4hi2,Navy-blue,14906,Used,ELR,275227
5ZLtFAxVvbzn9N0Qy,Bronze,133592,Used,Allanté,268181
gyrwc25Fq5tlPNOnQ,Indigo,178120,Used,Series 62,196421
tyWgitsNh1chErWVU,Ultramarine,122794,Used,CT6,463627
vZVEzcUqwV35htkeO,Copper,86022,Used,SP2,271261
aE85mI0e0YAcif5Qz,Indigo,196934,Used,Amanti,217508
YxmMfCJrNlUva9t90,Red,172907,Used,250 Isetta,103427
tZp5fRIMrnyTC7uyG,Raspberry,24802,Used,3-Series,172923
sCYgZjycdMDrJKhP2,Byzantium,124754,Used,Series 75,45542
jHqFWLa2JB5tQqlin,Coral,35820,Used,Pride,315233
diKY06kumdkTg20ym,Blue,28676,Used,Quantum,76049
DedBWp6dQdTjhdvUd,Blush,109370,Used,BLS,432650
Ak5Kgw3bFfMDVpj4k,Spring green,180731,Used,Series 60 (Sixty Special),31155
IZfXZlY78h9NQXh79,Maroon,103777,Used,S-6200,51319
uUZaBZ1UZDfixSyCT,Indigo,32695,Used,6-Series GT,191765
Xc2RBZNh5IdFNbaUD,Harlequin,7984,Used,Series 65,22776
6HNjIe8yPP1V7XlU8,Teal,185135,Used,SportVan,158597
PCzT4012Pfe1PNg96,Jungle-green,105113,Used,Pride,191165
zyKumntfHH2C6ugTw,Plum,48770,Used,Elan,38939
2eNb5lQw0Ux6lmehT,Jungle-green,155527,Used,Optima,206602
Oy5tsvflbPUKxMuw3,Amethyst,108497,Used,Sorento,77617
BinA8GFjuRIZTpMLN,Blue-violet,98468,Used,Optima,165839
n5K5cQrAbpLYFyGH1,Azure,166372,Used,X3,491518
7mVc9RjmCiwG4jtQK,Lilac,36222,Used,STS,83116
iO3zwf2jR9QpjI7oo,Blue-violet,16542,Used,Stinger,479312
hPAQuaCvDJhurb1ER,Black,57626,Used,K9,2406
7cKiQYAjKok9cnZZt,Harlequin,159540,Used,Escalade,296234
fHbDnF0VKSPDwfACR,Ultramarine,166709,Used,Rondo,264490
GYbZSah8fvurrzvsM,Persian-blue,120334,Used,Forte,261326
ZRSSthCaWlpegjtIj,Spring green,42766,Used,Cimarron,221566
UvoBgZfL0m2LYI2ZG,Pear,120215,Used,Retona,390329
xbLusLY0aNzrg3wC3,Jade,358,Used,S-507,471670
9hqB2QeZsO3Suz5UY,Carmine,159647,Used,Fleetwood Limousine,108499
DaYn1t24wOuQXB1wy,Ultramarine,117455,Used,Fleetwood 75,375479
4aLsLwai1Sus78sOO,Spring bud,171258,Used,S-501,295107
J0P3RVVVloquAPN4j,Maroon,197782,Used,Fox Plus,90585
KOJnZDVqyjuTLy2E9,Sangria,55507,Used,Fleetwood 75,364984
fk5vH5qKnfwavFDN9,Ivory,65029,Used,4-Series M4,157011
dFCrkBUAkBJYPJd7f,Bronze,134325,Used,CTS,422417
JCZR21DpFr9DADCOl,Persian-blue,164545,Used,Clarus,340104
p9y0eHKFm04xSelTt,White,93625,Used,XLR,247426
DXD849pZw6uE5NXKc,Plum,130099,Used,Fleetwood 75,29196
4epfZMHVdTF2NZ49C,Ivory,121611,Used,X4,484705
jaGnJxhTtNwmN76qV,Coral,154377,Used,K9,477426
G5bqmtR9TsbpdDFcC,Ruby,142643,Used,X2,376002
5HUkYhPoYJCBcKo2w,Ruby,88747,Used,1-Series,247008
2z0XUh2nImk1kQQ1W,Amber,66335,Used,Escalade,139536
bVCiLjQ6KvbzqkPQT,Magenta,122294,Used,Z3 M,409665
5aeAIVpnCmADwPjua,Ultramarine,96479,Used,Brougham,251353
quQhWAojTywhsl19J,Cyan,113202,Used,Quoris,321664
CZVPCcgiU1rIfAVq2,Salmon,57584,Used,Venga,360907
ZOZBq0MC2z45pa9e9,Bronze,189129,Used,Series 65,476576
U9Sok7O8kBByCRnNv,Peach,127371,Used,250 Isetta,491247
T6eMG2EyBjqWoySXP,Scarlet,164342,Used,Quantum,37778
QeqlQWBJWjmGd6xlv,Persian-blue,74267,Used,4-Series M4,228732
K77KBSMxuc0F7plfX,Persian-blue,94866,Used,Brasilia,183289
iuypTmC23kkcQJbnm,Baby-blue,195475,Used,Rondo,88448
AIv71y3ceYK1CQZ49,Aquamarine,1159,Used,6-Series GT,181750
2O5DjpnC5Slj6PTZS,Ultramarine,91332,Used,X4,323143
NSvsVZhkIfPEcBIkU,Sangria,45623,Used,Gol,314967
XhVk5ROgMAVpihs5a,Slate gray,102312,Used,SportVan,110122
0hNHOrFvWgtNdqYcy,Bronze,43144,Used,X1,74450
zXU07V06hHyYI6PR7,Copper,189004,Used,Avella,489059
9SCTImjxYIcKMIF3J,Carmine,111659,Used,Z1,92542
hurzFvZILCvoM7Lwl,Lilac,21369,Used,Fox Plus,238198
sOqFFXIvxZJI8zI4S,Lilac,60291,Used,Carens,224507
HovZvcviwcJoEGLSB,Spring bud,69306,Used,i3,493902
6Q9ZjME1jtKu1xSWI,Crimson,108018,Used,S-6200,303451
9VjTdrxzmkH6SqSGV,Red-violet,43846,Used,DTS,273731
3Rs3R0tf3F1NqdeUo,Ivory,111661,Used,XT5,201552
m7HNnIJNKrELhI2M3,Blue-green,98152,Used,SpaceFox,228238
vRlnUXst7iEwKFobr,Chartreuse-green,61759,Used,5-Series,453336
96ep8zyoDFlZEiySh,Jade,117426,Used,SpaceFox,401385
SHpHS2QvGJvts4y5T,Pink,42681,Used,ELR,325772
uwNReGILvzqSX9oJJ,Taupe,198186,Used,Soul,284308
bNct1o2FRmQAp3i9s,Amber,45037,Used,Retona,83726
JxZkWgpodyC6027nR,Pear,66907,Used,3200 CS,101592
kz91IdWzLKMA2Ep5p,Desert-sand,186227,Used,Sephia,261860
zgFyJL9XX6KV3dzjR,Navy-blue,172033,Used,S-502,450764
fB2ZMb3bNkLQ1mEc3,Coral,24793,Used,ELR,443726
Gb7DE1SIgXqPCEUhq,Brown,120601,Used,XLR,432031
